qaccver	saccver	pident	length	mismatch	gapopen	qstart	qend	sstart	send	evalue	bitscore	stitle
Unigene0068930	rna-gnl|WGS:LSRX|Smic12087_mrna	100	33	0	0	925	957	45	77	6.47E-08	62.1	Unigene0068930
Unigene0084047	rna-gnl|WGS:LSRX|Smic13785_mrna	100	34	0	0	5421	5454	402	435	7.03E-08	63.9	Unigene0084047
Unigene0056665	rna-gnl|WGS:LSRX|Smic15157_mrna	100	29	0	0	745	773	1053	1081	6.12E-06	54.7	Unigene0056665
Unigene0000748	rna-gnl|WGS:LSRX|Smic16264_mrna	100	30	0	0	406	435	993	964	1.07E-06	56.5	Unigene0000748
Unigene0051085	rna-gnl|WGS:LSRX|Smic24482_mrna	100	30	0	0	619	648	329	300	4.38E-06	56.5	Unigene0051085
Unigene0018953	rna-gnl|WGS:LSRX|Smic26251_mrna	100	29	0	0	226	254	296	268	1.39E-06	54.7	Unigene0018953
Unigene0176589	rna-gnl|WGS:LSRX|Smic2657_mrna	100	45	0	0	3606	3650	131	87	2.93E-14	84.2	Unigene0176589
Unigene0041656	rna-gnl|WGS:LSRX|Smic2819_mrna	100	33	0	0	721	753	1441	1473	6.39E-08	62.1	Unigene0041656
Unigene0040617	rna-gnl|WGS:LSRX|Smic32178_mrna	100	29	0	0	129	157	116	88	8.41E-06	54.7	Unigene0040617
Unigene0094938	rna-gnl|WGS:LSRX|Smic33292_mrna	100	31	0	0	691	721	1498	1468	7.92E-07	58.4	Unigene0094938
Unigene0157049	rna-gnl|WGS:LSRX|Smic42863_mrna	100	31	0	0	1632	1662	21	51	1.22E-06	58.4	Unigene0157049
Unigene0064990	rna-gnl|WGS:LSRX|Smic44622_mrna	100	33	0	0	2653	2685	442	410	1.35E-07	62.1	Unigene0064990
Unigene0072656	rna-gnl|WGS:LSRX|Smic39324_mrna	97.619	42	1	0	106	147	4000	3959	1.41E-10	73.1	Unigene0072656
Unigene0085243	rna-gnl|WGS:LSRX|Smic2615_mrna	97.5	40	1	0	119	158	79	118	2.34E-10	69.4	Unigene0085243
Unigene0063867	rna-gnl|WGS:LSRX|Smic36059_mrna	97.436	39	1	0	595	633	604	566	4.48E-10	67.6	Unigene0063867
Unigene0089441	rna-gnl|WGS:LSRX|Smic45719_mrna	97.368	38	1	0	380	417	128	165	1.17E-09	65.8	Unigene0089441
Unigene0062357	rna-gnl|WGS:LSRX|Smic8661_mrna	97.368	38	1	0	880	917	162	125	3.80E-09	65.8	Unigene0062357
Unigene0059038	rna-gnl|WGS:LSRX|Smic2761_mrna	97.297	37	1	0	339	375	47	11	6.92E-09	63.9	Unigene0059038
Unigene0082642	rna-gnl|WGS:LSRX|Smic12277_mrna	97.143	35	1	0	490	524	305	271	1.80E-07	60.2	Unigene0082642
Unigene0053083	rna-gnl|WGS:LSRX|Smic26083_mrna	97.143	35	1	0	406	440	570	604	1.79E-07	60.2	Unigene0053083
Unigene0073737	rna-gnl|WGS:LSRX|Smic32635_mrna	97.143	35	1	0	1089	1123	571	605	5.69E-07	60.2	Unigene0073737
Unigene0082844	rna-gnl|WGS:LSRX|Smic4435_mrna	97.059	34	1	0	2318	2351	529	496	1.18E-06	58.4	Unigene0082844
Unigene0002242	rna-gnl|WGS:LSRX|Smic39229_mrna	96.97	33	1	0	304	336	336	368	6.10E-06	56.5	Unigene0002242
Unigene0051971	rna-gnl|WGS:LSRX|Smic9020_mrna	96.97	33	1	0	1356	1388	1596	1564	5.91E-06	56.5	Unigene0051971
Unigene0076109	rna-gnl|WGS:LSRX|Smic26400_mrna	96.875	32	1	0	608	639	659	690	6.72E-06	54.7	Unigene0076109
Unigene0099926	rna-gnl|WGS:LSRX|Smic13281_mrna	96.154	52	1	1	107	157	106	55	2.01E-14	84.2	Unigene0099926
Unigene0156516	rna-gnl|WGS:LSRX|Smic5282_mrna	95.652	46	2	0	778	823	194	149	5.83E-12	75	Unigene0156516
Unigene0207095	rna-gnl|WGS:LSRX|Smic21447_mrna	95.349	43	2	0	688	730	133	175	4.25E-10	69.4	Unigene0207095
Unigene0004928	rna-gnl|WGS:LSRX|Smic9656_mrna	95.349	43	2	0	478	520	59	101	1.61E-10	69.4	Unigene0004928
Unigene0052140	rna-gnl|WGS:LSRX|Smic4441_mrna	94.872	39	2	0	850	888	2060	2022	3.94E-08	62.1	Unigene0052140
Unigene0129606	rna-gnl|WGS:LSRX|Smic22712_mrna	94.545	55	3	0	507	561	313	259	1.18E-15	86.1	Unigene0129606
Unigene0093899	rna-gnl|WGS:LSRX|Smic19724_mrna	94.366	71	4	0	1141	1211	744	814	2.14E-22	110	Unigene0093899
Unigene0104108	rna-gnl|WGS:LSRX|Smic44836_mrna	93.878	49	3	0	596	644	1603	1651	3.48E-12	75	Unigene0104108
Unigene0067176	rna-gnl|WGS:LSRX|Smic30265_mrna	93.617	47	3	0	463	509	119	165	1.64E-10	71.3	Unigene0067176
Unigene0052772	rna-gnl|WGS:LSRX|Smic5642_mrna	93.333	45	3	0	484	528	1132	1176	2.87E-09	67.6	Unigene0052772
Unigene0044238	rna-gnl|WGS:LSRX|Smic9568_mrna	93.203	1280	76	5	558	1836	1440	171	0	1871	Unigene0044238
Unigene0093883	rna-gnl|WGS:LSRX|Smic36118_mrna	93.182	44	3	0	302	345	1422	1379	4.49E-09	65.8	Unigene0093883
Unigene0048550	rna-gnl|WGS:LSRX|Smic6414_mrna	93.103	87	6	0	2459	2545	84	170	1.20E-27	128	Unigene0048550
Unigene0042512	rna-gnl|WGS:LSRX|Smic22878_mrna	92.857	42	3	0	3595	3636	1442	1401	1.92E-07	62.1	Unigene0042512
Unigene0093774	rna-gnl|WGS:LSRX|Smic33234_mrna	92.857	42	3	0	91	132	311	352	7.39E-08	62.1	Unigene0093774
Unigene0050814	rna-gnl|WGS:LSRX|Smic856_mrna	92.857	42	3	0	847	888	757	798	1.69E-07	62.1	Unigene0050814
Unigene0066798	rna-gnl|WGS:LSRX|Smic21568_mrna	92.708	96	7	0	2524	2619	12	107	4.10E-31	139	Unigene0066798
Unigene0138720	rna-gnl|WGS:LSRX|Smic8472_mrna	92.683	41	3	0	2548	2588	94	54	4.75E-07	60.2	Unigene0138720
Unigene0029822	rna-gnl|WGS:LSRX|Smic20750_mrna	92.661	109	8	0	2828	2936	63	171	1.25E-36	158	Unigene0029822
Unigene0086676	rna-gnl|WGS:LSRX|Smic20225_mrna	92.453	53	4	0	5747	5799	271	323	7.05E-12	76.8	Unigene0086676
Unigene0074105	rna-gnl|WGS:LSRX|Smic19794_mrna	92.157	51	4	0	2376	2426	1060	1110	3.90E-11	73.1	Unigene0074105
Unigene0087570	rna-gnl|WGS:LSRX|Smic38613_mrna	92.105	76	6	0	230	305	127	52	1.29E-22	108	Unigene0087570
Unigene0044345	rna-gnl|WGS:LSRX|Smic23117_mrna	92.063	63	5	0	668	730	557	619	1.44E-16	89.8	Unigene0044345
Unigene0165768	rna-gnl|WGS:LSRX|Smic16665_mrna	92	50	4	0	1955	2004	2264	2215	1.55E-10	71.3	Unigene0165768
Unigene0129517	rna-gnl|WGS:LSRX|Smic9821_mrna	91.837	49	3	1	1758	1805	157	205	1.52E-09	67.6	Unigene0129517
Unigene0028805	rna-gnl|WGS:LSRX|Smic43486_mrna	91.489	47	4	0	818	864	537	491	2.22E-09	65.8	Unigene0028805
Unigene0062671	rna-gnl|WGS:LSRX|Smic22297_mrna	91.026	78	7	0	11206	11283	3170	3093	1.75E-20	106	Unigene0062671
Unigene0079827	rna-gnl|WGS:LSRX|Smic17199_mrna	91.011	89	8	0	6163	6251	145	57	3.55E-25	121	Unigene0079827
Unigene0093518	rna-gnl|WGS:LSRX|Smic25039_mrna	90.769	65	6	0	700	764	1837	1773	1.41E-15	87.9	Unigene0093518
Unigene0094500	rna-gnl|WGS:LSRX|Smic20482_mrna	90.698	43	2	2	605	647	1144	1184	1.74E-06	56.5	Unigene0094500
Unigene0053611	rna-gnl|WGS:LSRX|Smic45588_mrna	90.698	86	8	0	1	86	2006	2091	5.13E-25	115	Unigene0053611
Unigene0106344	rna-gnl|WGS:LSRX|Smic1085_mrna	90.566	53	5	0	73	125	1138	1086	2.97E-11	71.3	Unigene0106344
Unigene0141295	rna-gnl|WGS:LSRX|Smic13917_mrna	90.566	53	2	3	193	243	2249	2300	1.25E-09	67.6	Unigene0141295
Unigene0134030	rna-gnl|WGS:LSRX|Smic15078_mrna	90.476	42	4	0	2451	2492	852	893	7.21E-06	56.5	Unigene0134030
Unigene0089081	rna-gnl|WGS:LSRX|Smic6522_mrna	90.476	42	2	1	703	744	1561	1600	6.12E-06	54.7	Unigene0089081
Unigene0119667	rna-gnl|WGS:LSRX|Smic8267_mrna	90.385	156	15	0	16	171	181	336	6.87E-51	206	Unigene0119667
Unigene0077804	rna-gnl|WGS:LSRX|Smic4063_mrna	90.323	62	6	0	658	719	53	114	2.50E-14	82.4	Unigene0077804
Unigene0097341	rna-gnl|WGS:LSRX|Smic29289_mrna	90.299	134	9	3	930	1061	1007	1138	1.60E-41	172	Unigene0097341
Unigene0044213	rna-gnl|WGS:LSRX|Smic30950_mrna	90.278	144	12	2	1726	1868	204	62	9.99E-46	187	Unigene0044213
Unigene0096010	rna-gnl|WGS:LSRX|Smic17002_mrna	90.196	102	10	0	693	794	336	235	3.64E-29	134	Unigene0096010
Unigene0085775	rna-gnl|WGS:LSRX|Smic29831_mrna	90.196	51	5	0	2182	2232	185	135	1.00E-08	67.6	Unigene0085775
Unigene0043750	rna-gnl|WGS:LSRX|Smic17240_mrna	90	50	1	3	487	534	403	356	1.59E-07	62.1	Unigene0043750
Unigene0026547	rna-gnl|WGS:LSRX|Smic33727_mrna	90	50	5	0	1066	1115	27	76	6.34E-09	65.8	Unigene0026547
Unigene0151417	rna-gnl|WGS:LSRX|Smic7000_mrna	89.888	89	9	0	49	137	1221	1309	2.20E-24	115	Unigene0151417
Unigene0052022	rna-gnl|WGS:LSRX|Smic32176_mrna	89.831	59	6	0	2761	2819	753	811	9.03E-12	76.8	Unigene0052022
Unigene0075423	rna-gnl|WGS:LSRX|Smic2077_mrna	89.744	78	6	2	1486	1562	601	677	9.81E-19	99	Unigene0075423
Unigene0061277	rna-gnl|WGS:LSRX|Smic18646_mrna	89.655	58	6	0	1025	1082	585	528	7.29E-12	75	Unigene0061277
Unigene0064046	rna-gnl|WGS:LSRX|Smic11786_mrna	89.474	95	10	0	1132	1226	980	1074	1.41E-25	121	Unigene0064046
Unigene0146932	rna-gnl|WGS:LSRX|Smic27742_mrna	89.394	132	14	0	435	566	167	36	5.21E-40	167	Unigene0146932
Unigene0041948	rna-gnl|WGS:LSRX|Smic8370_mrna	89.362	47	5	0	1159	1205	363	317	1.83E-07	60.2	Unigene0041948
Unigene0100057	rna-gnl|WGS:LSRX|Smic8221_mrna	89.286	56	6	0	6494	6549	79	24	4.02E-10	71.3	Unigene0100057
Unigene0086056	rna-gnl|WGS:LSRX|Smic1587_mrna	89.216	102	11	0	349	450	272	171	2.01E-28	128	Unigene0086056
Unigene0096608	rna-gnl|WGS:LSRX|Smic37501_mrna	89.13	46	5	0	615	660	360	405	6.87E-07	58.4	Unigene0096608
Unigene0032808	rna-gnl|WGS:LSRX|Smic14559_mrna	89.068	1427	151	3	1	1423	1624	199	0	1766	Unigene0032808
Unigene0073815	rna-gnl|WGS:LSRX|Smic37813_mrna	89.062	64	7	0	460	523	1664	1727	1.32E-13	80.5	Unigene0073815
Unigene0142199	rna-gnl|WGS:LSRX|Smic494_mrna	88.995	418	26	10	11209	11617	145	551	8.73E-139	499	Unigene0142199
Unigene0135264	rna-gnl|WGS:LSRX|Smic26946_mrna	88.976	127	14	0	1234	1360	1	127	9.23E-37	158	Unigene0135264
Unigene0115768	rna-gnl|WGS:LSRX|Smic12739_mrna	88.889	54	2	3	4397	4448	1779	1728	5.95E-08	63.9	Unigene0115768
Unigene0028895	rna-gnl|WGS:LSRX|Smic3627_mrna	88.889	189	21	0	22	210	150	338	1.27E-60	233	Unigene0028895
Unigene0062321	rna-gnl|WGS:LSRX|Smic18864_mrna	88.679	53	6	0	1771	1823	593	645	6.46E-09	65.8	Unigene0062321
Unigene0062951	rna-gnl|WGS:LSRX|Smic22433_mrna	88.679	53	6	0	871	923	410	358	3.31E-09	65.8	Unigene0062951
Unigene0163551	rna-gnl|WGS:LSRX|Smic18503_mrna	88.571	105	12	0	1543	1647	708	604	1.09E-27	128	Unigene0163551
Unigene0151960	rna-gnl|WGS:LSRX|Smic39265_mrna	88.342	386	42	1	4555	4937	293	678	1.68E-127	460	Unigene0151960
Unigene0065429	rna-gnl|WGS:LSRX|Smic20412_mrna	88.172	93	11	0	487	579	986	894	1.99E-23	111	Unigene0065429
Unigene0147935	rna-gnl|WGS:LSRX|Smic3516_mrna	88.129	278	31	2	90	366	30	306	3.08E-89	329	Unigene0147935
Unigene0099284	rna-gnl|WGS:LSRX|Smic17153_mrna	88.053	226	27	0	2	227	226	1	5.70E-71	268	Unigene0099284
Unigene0109949	rna-gnl|WGS:LSRX|Smic759_mrna	88.034	117	12	2	1420	1535	3660	3775	1.06E-29	137	Unigene0109949
Unigene0099248	rna-gnl|WGS:LSRX|Smic10123_mrna	88	50	6	0	495	544	486	437	3.80E-07	60.2	Unigene0099248
Unigene0063078	rna-gnl|WGS:LSRX|Smic11225_mrna	88	125	15	0	673	797	374	250	1.46E-33	148	Unigene0063078
Unigene0136388	rna-gnl|WGS:LSRX|Smic7749_mrna	88	50	6	0	1141	1190	192	143	6.94E-07	60.2	Unigene0136388
Unigene0100293	rna-gnl|WGS:LSRX|Smic29780_mrna	87.931	58	4	3	605	661	645	590	4.54E-09	65.8	Unigene0100293
Unigene0132423	rna-gnl|WGS:LSRX|Smic12601_mrna	87.896	347	42	0	1612	1958	2	348	4.96E-112	409	Unigene0132423
Unigene0049457	rna-gnl|WGS:LSRX|Smic3555_mrna	87.736	106	13	0	26	131	230	125	1.09E-26	124	Unigene0049457
Unigene0123314	rna-gnl|WGS:LSRX|Smic39785_mrna	87.719	57	7	0	1101	1157	176	120	8.54E-10	67.6	Unigene0123314
Unigene0075291	rna-gnl|WGS:LSRX|Smic48698_mrna	87.719	57	7	0	37	93	1040	984	6.44E-11	67.6	Unigene0075291
Unigene0080039	rna-gnl|WGS:LSRX|Smic20302_mrna	87.692	65	8	0	1433	1497	83	19	2.72E-12	76.8	Unigene0080039
Unigene0091006	rna-gnl|WGS:LSRX|Smic40394_mrna	87.692	65	8	0	2704	2768	372	308	3.92E-12	76.8	Unigene0091006
Unigene0063600	rna-gnl|WGS:LSRX|Smic20338_mrna	87.5	72	9	0	1020	1091	1031	960	1.76E-14	84.2	Unigene0063600
Unigene0110806	rna-gnl|WGS:LSRX|Smic34204_mrna	87.5	72	7	2	11134	11203	4211	4140	4.75E-13	82.4	Unigene0110806
Unigene0017749	rna-gnl|WGS:LSRX|Smic14601_mrna	87.404	389	49	0	35	423	85	473	1.14E-124	448	Unigene0017749
Unigene0051204	rna-gnl|WGS:LSRX|Smic25257_mrna	87.374	697	86	2	106	801	543	1238	0	798	Unigene0051204
Unigene0016470	rna-gnl|WGS:LSRX|Smic19782_mrna	87.356	87	11	0	364	450	901	815	8.81E-20	100	Unigene0016470
Unigene0121169	rna-gnl|WGS:LSRX|Smic12710_mrna	87.313	134	17	0	1123	1256	7795	7928	7.45E-36	154	Unigene0121169
Unigene0025345	rna-gnl|WGS:LSRX|Smic502_mrna	87.306	1481	186	2	986	2465	333	1812	0	1692	Unigene0025345
Unigene0137468	rna-gnl|WGS:LSRX|Smic25178_mrna	87.273	55	7	0	377	431	1640	1586	1.34E-08	63.9	Unigene0137468
Unigene0045120	rna-gnl|WGS:LSRX|Smic39029_mrna	87.193	976	125	0	6	981	47	1022	0	1110	Unigene0045120
Unigene0139780	rna-gnl|WGS:LSRX|Smic24416_mrna	87.097	124	16	0	594	717	209	86	1.10E-31	141	Unigene0139780
Unigene0085330	rna-gnl|WGS:LSRX|Smic38198_mrna	87.069	116	15	0	667	782	522	637	9.01E-29	132	Unigene0085330
Unigene0076160	rna-gnl|WGS:LSRX|Smic24352_mrna	87.037	108	14	0	1084	1191	172	65	1.81E-26	122	Unigene0076160
Unigene0043330	rna-gnl|WGS:LSRX|Smic18787_mrna	86.957	69	7	2	217	284	297	364	3.78E-13	76.8	Unigene0043330
Unigene0152116	rna-gnl|WGS:LSRX|Smic21162_mrna	86.923	130	17	0	322	451	742	871	2.43E-33	147	Unigene0152116
Unigene0094676	rna-gnl|WGS:LSRX|Smic44010_mrna	86.916	107	14	0	170	276	968	862	2.55E-26	121	Unigene0094676
Unigene0141313	rna-gnl|WGS:LSRX|Smic9891_mrna	86.731	309	41	0	5944	6252	63	371	2.71E-92	344	Unigene0141313
Unigene0145696	rna-gnl|WGS:LSRX|Smic40237_mrna	86.726	339	44	1	9	347	51	388	1.26E-102	375	Unigene0145696
Unigene0071596	rna-gnl|WGS:LSRX|Smic3691_mrna	86.697	218	29	0	2068	2285	218	1	7.25E-62	243	Unigene0071596
Unigene0135984	rna-gnl|WGS:LSRX|Smic9847_mrna	86.684	383	51	0	829	1211	383	1	2.88E-117	425	Unigene0135984
Unigene0056348	rna-gnl|WGS:LSRX|Smic20374_mrna	86.667	60	8	0	604	663	860	919	1.87E-09	67.6	Unigene0056348
Unigene0135061	rna-gnl|WGS:LSRX|Smic38659_mrna	86.667	135	18	0	204	338	188	322	7.95E-35	150	Unigene0135061
Unigene0147019	rna-gnl|WGS:LSRX|Smic6235_mrna	86.667	270	34	2	301	569	300	32	1.33E-79	298	Unigene0147019
Unigene0096561	rna-gnl|WGS:LSRX|Smic8194_mrna	86.667	60	8	0	2831	2890	134	75	2.15E-09	67.6	Unigene0096561
Unigene0066537	rna-gnl|WGS:LSRX|Smic34897_mrna	86.486	148	20	0	364	511	395	542	5.50E-39	163	Unigene0066537
Unigene0016809	rna-gnl|WGS:LSRX|Smic48434_mrna	86.486	111	15	0	2	112	143	33	1.37E-27	122	Unigene0016809
Unigene0084018	rna-gnl|WGS:LSRX|Smic22727_mrna	86.466	266	36	0	27	292	471	736	3.01E-78	292	Unigene0084018
Unigene0174551	rna-gnl|WGS:LSRX|Smic30450_mrna	86.405	2523	331	12	42	2558	47	2563	0	2748	Unigene0174551
Unigene0100359	rna-gnl|WGS:LSRX|Smic22152_mrna	86.364	66	7	2	407	471	1163	1099	9.10E-11	71.3	Unigene0100359
Unigene0162677	rna-gnl|WGS:LSRX|Smic11428_mrna	86.341	205	27	1	1	204	357	153	9.06E-56	222	Unigene0162677
Unigene0164632	rna-gnl|WGS:LSRX|Smic6208_mrna	86.331	139	19	0	3228	3366	320	458	8.38E-35	152	Unigene0164632
Unigene0066519	rna-gnl|WGS:LSRX|Smic32279_mrna	86.316	95	9	3	127	219	125	217	1.62E-19	100	Unigene0066519
Unigene0152787	rna-gnl|WGS:LSRX|Smic946_mrna	86.275	51	7	0	996	1046	61	11	3.14E-06	56.5	Unigene0152787
Unigene0045198	rna-gnl|WGS:LSRX|Smic5978_mrna	86.207	58	8	0	375	432	954	897	5.92E-08	63.9	Unigene0045198
Unigene0106819	rna-gnl|WGS:LSRX|Smic33085_mrna	86.184	304	42	0	1	304	8	311	3.69E-89	329	Unigene0106819
Unigene0022520	rna-gnl|WGS:LSRX|Smic10468_mrna	86.179	246	30	4	340	583	1	244	1.68E-68	263	Unigene0022520
Unigene0067014	rna-gnl|WGS:LSRX|Smic35532_mrna	86.154	715	99	0	1129	1843	53	767	0	773	Unigene0067014
Unigene0040695	rna-gnl|WGS:LSRX|Smic37268_mrna	86.154	585	79	2	2416	2999	41	624	6.85E-179	630	Unigene0040695
Unigene0196614	rna-gnl|WGS:LSRX|Smic19349_mrna	86.066	1421	172	16	253	1657	369	1779	0	1504	Unigene0196614
Unigene0136584	rna-gnl|WGS:LSRX|Smic6708_mrna	86.052	889	122	2	285	1172	34	921	0	953	Unigene0136584
Unigene0018750	rna-gnl|WGS:LSRX|Smic7593_mrna	86.034	580	80	1	2305	2883	661	82	3.60E-176	621	Unigene0018750
Unigene0146271	rna-gnl|WGS:LSRX|Smic13599_mrna	86.012	336	47	0	304	639	517	182	1.86E-98	361	Unigene0146271
Unigene0076218	rna-gnl|WGS:LSRX|Smic38649_mrna	85.995	814	114	0	124	937	17	830	0	872	Unigene0076218
Unigene0051672	rna-gnl|WGS:LSRX|Smic30178_mrna	85.965	57	8	0	2263	2319	2387	2443	1.26E-07	62.1	Unigene0051672
Unigene0123388	rna-gnl|WGS:LSRX|Smic44453_mrna	85.95	363	51	0	1	363	21	383	7.67E-107	388	Unigene0123388
Unigene0093464	rna-gnl|WGS:LSRX|Smic15617_mrna	85.938	384	53	1	1881	2263	251	634	2.41E-112	409	Unigene0093464
Unigene0042151	rna-gnl|WGS:LSRX|Smic35602_mrna	85.938	128	16	2	1064	1190	463	337	2.97E-30	135	Unigene0042151
Unigene0084397	rna-gnl|WGS:LSRX|Smic3126_mrna	85.897	78	11	0	4343	4420	1555	1632	3.33E-14	84.2	Unigene0084397
Unigene0038415	rna-gnl|WGS:LSRX|Smic10990_mrna	85.87	276	35	4	2328	2601	1	274	1.14E-76	291	Unigene0038415
Unigene0046549	rna-gnl|WGS:LSRX|Smic923_mrna	85.87	92	13	0	34	125	691	600	1.40E-19	99	Unigene0046549
Unigene0204121	rna-gnl|WGS:LSRX|Smic31946_mrna	85.812	1318	185	2	3184	4500	1433	117	0	1397	Unigene0204121
Unigene0110878	rna-gnl|WGS:LSRX|Smic12351_mrna	85.714	91	10	3	1994	2083	121	209	3.88E-17	93.5	Unigene0110878
Unigene0099278	rna-gnl|WGS:LSRX|Smic26668_mrna	85.714	105	15	0	310	414	1146	1042	6.56E-23	111	Unigene0099278
Unigene0041930	rna-gnl|WGS:LSRX|Smic34464_mrna	85.714	70	10	0	2012	2081	231	300	2.48E-11	75	Unigene0041930
Unigene0082736	rna-gnl|WGS:LSRX|Smic9318_mrna	85.714	56	8	0	730	785	1045	1100	1.43E-07	60.2	Unigene0082736
Unigene0065685	rna-gnl|WGS:LSRX|Smic35102_mrna	85.672	335	48	0	4465	4799	338	672	2.44E-95	353	Unigene0065685
Unigene0094251	rna-gnl|WGS:LSRX|Smic20566_mrna	85.662	272	39	0	806	1077	315	44	5.09E-75	287	Unigene0094251
Unigene0098268	rna-gnl|WGS:LSRX|Smic37869_mrna	85.56	554	75	4	141	693	33	582	6.68E-163	575	Unigene0098268
Unigene0022289	rna-gnl|WGS:LSRX|Smic9686_mrna	85.542	83	10	2	279	360	338	419	1.19E-15	86.1	Unigene0022289
Unigene0130261	rna-gnl|WGS:LSRX|Smic23656_mrna	85.518	656	93	2	108	762	11	665	0	684	Unigene0130261
Unigene0096615	rna-gnl|WGS:LSRX|Smic13505_mrna	85.507	69	9	1	521	589	726	793	8.74E-11	71.3	Unigene0096615
Unigene0083428	rna-gnl|WGS:LSRX|Smic33809_mrna	85.507	69	5	4	487	554	38	102	5.47E-09	67.6	Unigene0083428
Unigene0077587	rna-gnl|WGS:LSRX|Smic8904_mrna	85.507	69	4	5	370	435	899	964	2.29E-09	67.6	Unigene0077587
Unigene0095802	rna-gnl|WGS:LSRX|Smic934_mrna	85.507	69	10	0	247	315	1362	1430	2.34E-11	73.1	Unigene0095802
Unigene0198008	rna-gnl|WGS:LSRX|Smic3538_mrna	85.486	751	109	0	1042	1792	952	202	0	784	Unigene0198008
Unigene0072110	rna-gnl|WGS:LSRX|Smic26198_mrna	85.465	172	22	3	1572	1741	1538	1708	2.33E-42	176	Unigene0072110
Unigene0140114	rna-gnl|WGS:LSRX|Smic37225_mrna	85.455	55	8	0	1382	1436	268	322	7.04E-07	58.4	Unigene0140114
Unigene0154852	rna-gnl|WGS:LSRX|Smic4340_mrna	85.424	295	43	0	1243	1537	212	506	1.21E-81	307	Unigene0154852
Unigene0052347	rna-gnl|WGS:LSRX|Smic7081_mrna	85.333	75	11	0	1389	1463	1339	1413	5.55E-13	78.7	Unigene0052347
Unigene0000571	rna-gnl|WGS:LSRX|Smic30109_mrna	85.322	947	133	5	4573	5513	1416	470	0	974	Unigene0000571
Unigene0063435	rna-gnl|WGS:LSRX|Smic18507_mrna	85.294	306	42	1	483	785	591	896	8.72E-83	313	Unigene0063435
Unigene0020915	rna-gnl|WGS:LSRX|Smic14232_mrna	85.278	1080	157	2	175	1253	1261	183	0	1112	Unigene0020915
Unigene0065988	rna-gnl|WGS:LSRX|Smic24597_mrna	85.274	1039	151	2	315	1352	1071	34	0	1070	Unigene0065988
Unigene0042501	rna-gnl|WGS:LSRX|Smic37259_mrna	85.263	95	13	1	622	716	1672	1765	6.15E-18	97.1	Unigene0042501
Unigene0155718	rna-gnl|WGS:LSRX|Smic25083_mrna	85.211	568	81	1	1	565	16	583	5.40E-164	580	Unigene0155718
Unigene0158777	rna-gnl|WGS:LSRX|Smic27213_mrna	85.165	1092	158	4	2023	3112	147	1236	0	1116	Unigene0158777
Unigene0088688	rna-gnl|WGS:LSRX|Smic3655_mrna	85.161	155	23	0	556	710	519	673	1.32E-37	159	Unigene0088688
Unigene0075528	rna-gnl|WGS:LSRX|Smic13408_mrna	85.149	101	15	0	2518	2618	289	189	4.68E-20	104	Unigene0075528
Unigene0084633	rna-gnl|WGS:LSRX|Smic38510_mrna	85.124	242	36	0	1046	1287	1017	1258	3.09E-64	248	Unigene0084633
Unigene0045009	rna-gnl|WGS:LSRX|Smic2341_mrna	85.089	1006	148	2	105	1109	18	1022	0	1026	Unigene0045009
Unigene0047793	rna-gnl|WGS:LSRX|Smic8028_mrna	85.088	684	98	4	4610	5291	839	158	0	695	Unigene0047793
Unigene0077202	rna-gnl|WGS:LSRX|Smic12346_mrna	85.083	362	53	1	1312	1672	74	435	3.01E-100	368	Unigene0077202
Unigene0137498	rna-gnl|WGS:LSRX|Smic16744_mrna	85.083	362	44	7	1	357	440	84	2.56E-98	361	Unigene0137498
Unigene0007557	rna-gnl|WGS:LSRX|Smic46981_mrna	85.081	248	35	2	1	247	10	256	4.24E-66	252	Unigene0007557
Unigene0066091	rna-gnl|WGS:LSRX|Smic18973_mrna	85.075	201	28	2	46	245	173	372	6.79E-51	204	Unigene0066091
Unigene0117078	rna-gnl|WGS:LSRX|Smic23077_mrna	85.075	67	9	1	1213	1279	327	262	1.13E-09	67.6	Unigene0117078
Unigene0072502	rna-gnl|WGS:LSRX|Smic8226_mrna	85.057	87	11	2	166	251	848	763	1.61E-16	87.9	Unigene0072502
Unigene0204451	rna-gnl|WGS:LSRX|Smic39393_mrna	85.031	1610	228	6	6293	7894	377	1981	0	1626	Unigene0204451
Unigene0064697	rna-gnl|WGS:LSRX|Smic40875_mrna	84.966	725	107	2	241	964	51	774	0	734	Unigene0064697
Unigene0124435	rna-gnl|WGS:LSRX|Smic3020_mrna	84.946	93	14	0	444	536	376	284	4.97E-18	95.3	Unigene0124435
Unigene0141392	rna-gnl|WGS:LSRX|Smic9479_mrna	84.933	1042	153	4	2509	3548	1129	90	0	1051	Unigene0141392
Unigene0085014	rna-gnl|WGS:LSRX|Smic44794_mrna	84.916	537	79	2	667	1202	980	1515	1.20E-152	542	Unigene0085014
Unigene0117099	rna-gnl|WGS:LSRX|Smic21930_mrna	84.906	212	27	5	159	366	219	429	3.94E-53	209	Unigene0117099
Unigene0018582	rna-gnl|WGS:LSRX|Smic40103_mrna	84.881	377	57	0	183	559	585	209	1.60E-104	381	Unigene0018582
Unigene0063053	rna-gnl|WGS:LSRX|Smic11838_mrna	84.848	132	19	1	565	695	126	257	1.45E-28	132	Unigene0063053
Unigene0128772	rna-gnl|WGS:LSRX|Smic3775_mrna	84.848	66	10	0	1423	1488	115	180	1.63E-09	67.6	Unigene0128772
Unigene0019726	rna-gnl|WGS:LSRX|Smic21074_mrna	84.783	138	21	0	745	882	288	425	2.76E-31	139	Unigene0019726
Unigene0105354	rna-gnl|WGS:LSRX|Smic2226_mrna	84.758	269	41	0	633	901	791	523	8.88E-71	270	Unigene0105354
Unigene0135886	rna-gnl|WGS:LSRX|Smic29004_mrna	84.756	164	25	0	2848	3011	333	170	1.71E-38	165	Unigene0135886
Unigene0050995	rna-gnl|WGS:LSRX|Smic32585_mrna	84.749	1377	205	4	1726	3098	1658	283	0	1375	Unigene0050995
Unigene0096071	rna-gnl|WGS:LSRX|Smic21836_mrna	84.746	59	9	0	2151	2209	89	31	7.19E-07	60.2	Unigene0096071
Unigene0051340	rna-gnl|WGS:LSRX|Smic26196_mrna	84.737	950	141	4	2787	3734	942	1889	0	948	Unigene0051340
Unigene0145700	rna-gnl|WGS:LSRX|Smic42260_mrna	84.726	419	60	3	160	576	20	436	3.50E-115	416	Unigene0145700
Unigene0148096	rna-gnl|WGS:LSRX|Smic34407_mrna	84.709	824	120	6	101	920	148	969	0	819	Unigene0148096
Unigene0042726	rna-gnl|WGS:LSRX|Smic30893_mrna	84.694	98	12	3	430	524	430	527	1.38E-17	95.3	Unigene0042726
Unigene0178392	rna-gnl|WGS:LSRX|Smic30321_mrna	84.575	2295	329	18	3265	5546	127	2409	0	2254	Unigene0178392
Unigene0180598	rna-gnl|WGS:LSRX|Smic9526_mrna	84.565	1218	175	9	74	1283	1610	398	0	1195	Unigene0180598
Unigene0069497	rna-gnl|WGS:LSRX|Smic26111_mrna	84.524	84	13	0	526	609	256	339	2.44E-14	84.2	Unigene0069497
Unigene0082828	rna-gnl|WGS:LSRX|Smic7227_mrna	84.496	129	20	0	102	230	1164	1292	3.38E-28	128	Unigene0082828
Unigene0054571	rna-gnl|WGS:LSRX|Smic37778_mrna	84.444	90	14	0	163	252	210	121	3.72E-17	89.8	Unigene0054571
Unigene0048237	rna-gnl|WGS:LSRX|Smic5614_mrna	84.422	199	29	2	498	695	1	198	2.74E-48	195	Unigene0048237
Unigene0009574	rna-gnl|WGS:LSRX|Smic17367_mrna	84.4	500	70	6	5753	6248	496	1	1.14E-134	484	Unigene0009574
Unigene0061352	rna-gnl|WGS:LSRX|Smic25965_mrna	84.369	499	78	0	360	858	623	125	3.41E-137	490	Unigene0061352
Unigene0166876	rna-gnl|WGS:LSRX|Smic22590_mrna	84.359	601	88	5	258	855	733	136	2.08E-165	584	Unigene0166876
Unigene0151548	rna-gnl|WGS:LSRX|Smic968_mrna	84.298	484	75	1	1556	2039	231	713	4.38E-131	472	Unigene0151548
Unigene0149544	rna-gnl|WGS:LSRX|Smic23546_mrna	84.296	433	68	0	10	442	466	34	1.59E-117	424	Unigene0149544
Unigene0051256	rna-gnl|WGS:LSRX|Smic31333_mrna	84.286	70	11	0	853	922	1740	1809	2.62E-10	69.4	Unigene0051256
Unigene0072368	rna-gnl|WGS:LSRX|Smic6408_mrna	84.286	70	11	0	2378	2447	1103	1172	5.31E-10	69.4	Unigene0072368
Unigene0000236	rna-gnl|WGS:LSRX|Smic2439_mrna	84.265	877	132	6	7999	8872	460	1333	0	850	Unigene0000236
Unigene0096821	rna-gnl|WGS:LSRX|Smic36106_mrna	84.252	127	18	2	973	1098	923	1048	3.69E-26	122	Unigene0096821
Unigene0073414	rna-gnl|WGS:LSRX|Smic23455_mrna	84.232	501	79	0	1	501	711	211	6.32E-137	488	Unigene0073414
Unigene0144463	rna-gnl|WGS:LSRX|Smic18500_mrna	84.211	228	34	2	1	227	432	206	1.01E-55	220	Unigene0144463
Unigene0094812	rna-gnl|WGS:LSRX|Smic29137_mrna	84.211	76	12	0	293	368	3249	3324	1.66E-12	75	Unigene0094812
Unigene0073325	rna-gnl|WGS:LSRX|Smic34203_mrna	84.211	114	18	0	1	114	9	122	5.03E-23	111	Unigene0073325
Unigene0094481	rna-gnl|WGS:LSRX|Smic12470_mrna	84.192	835	132	0	20	854	946	1780	0	811	Unigene0094481
Unigene0154352	rna-gnl|WGS:LSRX|Smic12887_mrna	84.191	544	82	4	1	542	601	60	4.19E-147	525	Unigene0154352
Unigene0054105	rna-gnl|WGS:LSRX|Smic7432_mrna	84.167	120	17	2	735	853	2328	2210	3.86E-24	115	Unigene0054105
Unigene0095910	rna-gnl|WGS:LSRX|Smic40802_mrna	84.143	391	51	6	556	945	3289	2909	3.87E-100	368	Unigene0095910
Unigene0077629	rna-gnl|WGS:LSRX|Smic10039_mrna	84.135	977	153	2	3319	4294	52	1027	0	944	Unigene0077629
Unigene0053992	rna-gnl|WGS:LSRX|Smic30123_mrna	84.071	1243	194	4	3629	4869	1404	164	0	1195	Unigene0053992
Unigene0096722	rna-gnl|WGS:LSRX|Smic16053_mrna	84.048	746	95	6	298	1043	1553	832	0	697	Unigene0096722
Unigene0016661	rna-gnl|WGS:LSRX|Smic15225_mrna	84.022	363	58	0	6867	7229	2009	1647	5.49E-94	350	Unigene0016661
Unigene0020925	rna-gnl|WGS:LSRX|Smic38994_mrna	84	100	14	2	5977	6075	1135	1037	2.20E-17	95.3	Unigene0020925
Unigene0059874	rna-gnl|WGS:LSRX|Smic5547_mrna	83.984	256	39	2	1289	1543	497	243	4.82E-63	244	Unigene0059874
Unigene0135308	rna-gnl|WGS:LSRX|Smic22056_mrna	83.962	530	85	0	8905	9434	566	37	9.57E-142	508	Unigene0135308
Unigene0088021	rna-gnl|WGS:LSRX|Smic15752_mrna	83.951	81	9	4	2775	2853	145	67	2.12E-11	75	Unigene0088021
Unigene0156007	rna-gnl|WGS:LSRX|Smic9977_mrna	83.951	243	39	0	343	585	227	469	3.85E-60	233	Unigene0156007
Unigene0067438	rna-gnl|WGS:LSRX|Smic30805_mrna	83.945	436	66	4	1	434	603	170	4.84E-114	414	Unigene0067438
Unigene0083528	rna-gnl|WGS:LSRX|Smic40503_mrna	83.92	199	30	2	639	836	574	771	3.55E-46	189	Unigene0083528
Unigene0075535	rna-gnl|WGS:LSRX|Smic18519_mrna	83.886	211	34	0	1	211	1147	937	4.35E-51	202	Unigene0075535
Unigene0067987	rna-gnl|WGS:LSRX|Smic4416_mrna	83.857	477	71	5	55	528	511	38	3.15E-125	449	Unigene0067987
Unigene0071890	rna-gnl|WGS:LSRX|Smic40587_mrna	83.846	130	21	0	126	255	4128	4257	2.45E-27	124	Unigene0071890
Unigene0074046	rna-gnl|WGS:LSRX|Smic24665_mrna	83.838	99	14	2	22	119	2063	2160	3.35E-18	93.5	Unigene0074046
Unigene0164582	rna-gnl|WGS:LSRX|Smic31590_mrna	83.838	1089	174	2	1	1088	36	1123	0	1035	Unigene0164582
Unigene0065925	rna-gnl|WGS:LSRX|Smic1126_mrna	83.83	470	76	0	2336	2805	561	92	6.25E-124	448	Unigene0065925
Unigene0111332	rna-gnl|WGS:LSRX|Smic27447_mrna	83.81	105	15	2	48	152	559	457	1.28E-19	99	Unigene0111332
Unigene0136536	rna-gnl|WGS:LSRX|Smic14756_mrna	83.794	253	39	2	24	275	583	332	3.52E-61	239	Unigene0136536
Unigene0050853	rna-gnl|WGS:LSRX|Smic13034_mrna	83.788	660	107	0	124	783	141	800	7.96E-178	627	Unigene0050853
Unigene0113167	rna-gnl|WGS:LSRX|Smic27523_mrna	83.75	160	26	0	176	335	229	388	2.81E-35	152	Unigene0113167
Unigene0066324	rna-gnl|WGS:LSRX|Smic27043_mrna	83.74	123	20	0	5533	5655	283	161	4.36E-24	117	Unigene0066324
Unigene0094089	rna-gnl|WGS:LSRX|Smic5743_mrna	83.736	1199	192	3	574	1771	1298	102	0	1131	Unigene0094089
Unigene0157776	rna-gnl|WGS:LSRX|Smic4880_mrna	83.726	1401	220	8	1677	3073	1539	143	0	1317	Unigene0157776
Unigene0052308	rna-gnl|WGS:LSRX|Smic26383_mrna	83.715	743	117	3	4135	4875	761	1501	0	699	Unigene0052308
Unigene0028765	rna-gnl|WGS:LSRX|Smic716_mrna	83.708	178	16	9	3176	3342	814	639	7.16E-36	156	Unigene0028765
Unigene0052178	rna-gnl|WGS:LSRX|Smic2374_mrna	83.688	846	130	7	2412	3254	1123	283	0	791	Unigene0052178
Unigene0204973	rna-gnl|WGS:LSRX|Smic40606_mrna	83.607	671	106	4	628	1296	2	670	3.97E-178	627	Unigene0204973
Unigene0115083	rna-gnl|WGS:LSRX|Smic42322_mrna	83.571	280	46	0	29	308	1172	893	2.98E-69	263	Unigene0115083
Unigene0096293	rna-gnl|WGS:LSRX|Smic29683_mrna	83.562	657	102	6	591	1244	4	657	3.45E-173	610	Unigene0096293
Unigene0100653	rna-gnl|WGS:LSRX|Smic41164_mrna	83.544	79	13	0	3121	3199	283	361	2.63E-11	75	Unigene0100653
Unigene0075837	rna-gnl|WGS:LSRX|Smic25854_mrna	83.502	297	49	0	117	413	331	627	2.79E-73	278	Unigene0075837
Unigene0086480	rna-gnl|WGS:LSRX|Smic26624_mrna	83.499	703	114	2	2071	2772	745	44	0	654	Unigene0086480
Unigene0045834	rna-gnl|WGS:LSRX|Smic36999_mrna	83.451	284	45	2	294	576	344	626	7.99E-69	263	Unigene0045834
Unigene0163548	rna-gnl|WGS:LSRX|Smic40831_mrna	83.418	591	98	0	1813	2403	669	79	3.11E-154	549	Unigene0163548
Unigene0134568	rna-gnl|WGS:LSRX|Smic13792_mrna	83.401	494	76	3	661	1148	60	553	9.11E-126	453	Unigene0134568
Unigene0025212	rna-gnl|WGS:LSRX|Smic4192_mrna	83.395	1343	196	8	277	1616	39	1357	0	1219	Unigene0025212
Unigene0132917	rna-gnl|WGS:LSRX|Smic31554_mrna	83.352	1760	243	35	1337	3068	325	2062	0	1581	Unigene0132917
Unigene0052170	rna-gnl|WGS:LSRX|Smic14297_mrna	83.333	114	17	2	91	203	290	178	1.25E-20	104	Unigene0052170
Unigene0135433	rna-gnl|WGS:LSRX|Smic176_mrna	83.333	78	10	3	1585	1661	906	981	6.15E-10	69.4	Unigene0135433
Unigene0065133	rna-gnl|WGS:LSRX|Smic25407_mrna	83.333	378	63	0	2317	2694	648	271	1.78E-94	350	Unigene0065133
Unigene0116876	rna-gnl|WGS:LSRX|Smic5208_mrna	83.333	84	12	1	1760	1841	1618	1701	2.24E-12	76.8	Unigene0116876
Unigene0128483	rna-gnl|WGS:LSRX|Smic7621_mrna	83.333	114	19	0	1366	1479	148	35	2.04E-20	106	Unigene0128483
Unigene0022648	rna-gnl|WGS:LSRX|Smic15230_mrna	83.289	754	120	6	81	831	844	94	0	689	Unigene0022648
Unigene0072216	rna-gnl|WGS:LSRX|Smic24491_mrna	83.28	933	154	2	2499	3430	598	1529	0	857	Unigene0072216
Unigene0044155	rna-gnl|WGS:LSRX|Smic33897_mrna	83.264	723	119	2	2639	3360	1588	2309	0	664	Unigene0044155
Unigene0079842	rna-gnl|WGS:LSRX|Smic40688_mrna	83.264	478	78	2	624	1100	501	25	1.46E-121	438	Unigene0079842
Unigene0051796	rna-gnl|WGS:LSRX|Smic37667_mrna	83.254	209	31	2	3834	4040	1329	1123	9.34E-46	189	Unigene0051796
Unigene0101014	rna-gnl|WGS:LSRX|Smic1330_mrna	83.246	191	32	0	562	752	471	281	1.11E-42	176	Unigene0101014
Unigene0087288	rna-gnl|WGS:LSRX|Smic38118_mrna	83.243	370	61	1	544	912	665	296	2.88E-91	339	Unigene0087288
Unigene0129691	rna-gnl|WGS:LSRX|Smic22132_mrna	83.237	173	29	0	2711	2883	5788	5960	3.52E-37	159	Unigene0129691
Unigene0108495	rna-gnl|WGS:LSRX|Smic14447_mrna	83.228	316	51	2	844	1158	1748	1434	1.34E-75	289	Unigene0108495
Unigene0156574	rna-gnl|WGS:LSRX|Smic21845_mrna	83.204	1548	217	28	1005	2514	1641	99	0	1378	Unigene0156574
Unigene0156195	rna-gnl|WGS:LSRX|Smic22836_mrna	83.201	881	142	6	763	1640	1057	180	0	802	Unigene0156195
Unigene0016412	rna-gnl|WGS:LSRX|Smic44306_mrna	83.17	511	84	2	86	595	2588	2079	3.67E-130	466	Unigene0016412
Unigene0072472	rna-gnl|WGS:LSRX|Smic33070_mrna	83.162	291	49	0	958	1248	318	28	8.27E-70	267	Unigene0072472
Unigene0088156	rna-gnl|WGS:LSRX|Smic13497_mrna	83.149	451	71	5	92	538	47	496	2.23E-112	407	Unigene0088156
Unigene0054129	rna-gnl|WGS:LSRX|Smic37535_mrna	83.146	89	12	3	64	151	115	201	2.44E-13	78.7	Unigene0054129
Unigene0055894	rna-gnl|WGS:LSRX|Smic32198_mrna	83.117	77	12	1	2621	2696	132	56	5.64E-10	69.4	Unigene0055894
Unigene0045027	rna-gnl|WGS:LSRX|Smic6358_mrna	83.111	225	32	3	368	589	415	636	8.59E-50	200	Unigene0045027
Unigene0072044	rna-gnl|WGS:LSRX|Smic17225_mrna	83.108	148	25	0	2371	2518	416	563	6.15E-30	135	Unigene0072044
Unigene0073303	rna-gnl|WGS:LSRX|Smic21782_mrna	83.106	805	126	9	1	800	1579	780	0	725	Unigene0073303
Unigene0053072	rna-gnl|WGS:LSRX|Smic12876_mrna	83.085	739	125	0	147	885	37	775	0	673	Unigene0053072
Unigene0042429	rna-gnl|WGS:LSRX|Smic12349_mrna	83.077	65	11	0	1592	1656	1149	1085	2.57E-06	60.2	Unigene0042429
Unigene0045674	rna-gnl|WGS:LSRX|Smic12554_mrna	83.077	130	19	3	1240	1369	851	977	4.15E-24	115	Unigene0045674
Unigene0119868	rna-gnl|WGS:LSRX|Smic15909_mrna	83.073	384	65	0	589	972	1158	775	1.01E-94	350	Unigene0119868
Unigene0154462	rna-gnl|WGS:LSRX|Smic11671_mrna	83.03	1155	196	0	34	1188	197	1351	0	1048	Unigene0154462
Unigene0072706	rna-gnl|WGS:LSRX|Smic4396_mrna	83.028	436	73	1	3584	4019	223	657	1.33E-107	394	Unigene0072706
Unigene0074017	rna-gnl|WGS:LSRX|Smic26290_mrna	83.019	1113	185	4	138	1248	1219	109	0	1005	Unigene0074017
Unigene0093864	rna-gnl|WGS:LSRX|Smic34103_mrna	83.019	265	43	2	595	858	179	442	3.89E-61	239	Unigene0093864
Unigene0043451	rna-gnl|WGS:LSRX|Smic44590_mrna	82.993	147	21	4	3021	3165	545	401	2.98E-28	130	Unigene0043451
Unigene0167301	rna-gnl|WGS:LSRX|Smic17006_mrna	82.992	976	164	2	3513	4487	1276	302	0	881	Unigene0167301
Unigene0040345	rna-gnl|WGS:LSRX|Smic31788_mrna	82.973	370	54	5	2092	2452	992	623	6.25E-87	326	Unigene0040345
Unigene0051689	rna-gnl|WGS:LSRX|Smic13415_mrna	82.956	1015	173	0	1	1015	24	1038	0	917	Unigene0051689
Unigene0133238	rna-gnl|WGS:LSRX|Smic36370_mrna	82.946	258	41	2	88	342	569	312	7.73E-59	230	Unigene0133238
Unigene0040506	rna-gnl|WGS:LSRX|Smic14556_mrna	82.857	455	78	0	1	455	1422	968	2.01E-112	409	Unigene0040506
Unigene0094960	rna-gnl|WGS:LSRX|Smic7425_mrna	82.824	1473	239	12	637	2102	364	1829	0	1306	Unigene0094960
Unigene0064041	rna-gnl|WGS:LSRX|Smic6517_mrna	82.809	413	71	0	71	483	1254	842	2.42E-101	370	Unigene0064041
Unigene0132877	rna-gnl|WGS:LSRX|Smic6218_mrna	82.801	657	109	4	484	1138	799	145	2.37E-165	584	Unigene0132877
Unigene0095760	rna-gnl|WGS:LSRX|Smic39498_mrna	82.759	87	12	3	738	823	2012	2096	8.58E-12	75	Unigene0095760
Unigene0098534	rna-gnl|WGS:LSRX|Smic7549_mrna	82.759	290	50	0	403	692	587	298	9.22E-68	259	Unigene0098534
Unigene0018286	rna-gnl|WGS:LSRX|Smic30991_mrna	82.751	945	151	11	1	939	39	977	0	832	Unigene0018286
Unigene0074531	rna-gnl|WGS:LSRX|Smic12920_mrna	82.736	1089	185	1	2883	3968	1184	96	0	966	Unigene0074531
Unigene0074854	rna-gnl|WGS:LSRX|Smic30362_mrna	82.723	955	165	0	229	1183	296	1250	0	850	Unigene0074854
Unigene0073888	rna-gnl|WGS:LSRX|Smic13667_mrna	82.716	162	28	0	5335	5496	95	256	1.96E-32	145	Unigene0073888
Unigene0088042	rna-gnl|WGS:LSRX|Smic29664_mrna	82.716	405	66	4	1119	1521	36	438	1.92E-96	357	Unigene0088042
Unigene0085910	rna-gnl|WGS:LSRX|Smic10915_mrna	82.692	520	82	4	37	549	1263	745	1.65E-126	455	Unigene0085910
Unigene0065681	rna-gnl|WGS:LSRX|Smic2529_mrna	82.692	260	43	2	1046	1304	386	644	3.16E-58	230	Unigene0065681
Unigene0084807	rna-gnl|WGS:LSRX|Smic14442_mrna	82.65	1268	211	9	1285	2549	1474	213	0	1114	Unigene0084807
Unigene0017142	rna-gnl|WGS:LSRX|Smic10245_mrna	82.641	1227	211	2	7	1232	1403	178	0	1085	Unigene0017142
Unigene0093994	rna-gnl|WGS:LSRX|Smic25429_mrna	82.639	1417	239	6	43	1457	39	1450	0	1247	Unigene0093994
Unigene0044471	rna-gnl|WGS:LSRX|Smic29932_mrna	82.609	92	14	2	365	455	294	384	3.02E-13	80.5	Unigene0044471
Unigene0117313	rna-gnl|WGS:LSRX|Smic6175_mrna	82.609	69	10	2	751	818	206	139	6.77E-07	60.2	Unigene0117313
Unigene0163434	rna-gnl|WGS:LSRX|Smic8960_mrna	82.576	132	21	2	1600	1730	1427	1297	7.76E-24	115	Unigene0163434
Unigene0183688	rna-gnl|WGS:LSRX|Smic45503_mrna	82.568	1067	160	21	54	1110	824	1874	0	917	Unigene0183688
Unigene0073568	rna-gnl|WGS:LSRX|Smic11243_mrna	82.53	166	26	2	467	629	344	179	1.94E-32	143	Unigene0073568
Unigene0136855	rna-gnl|WGS:LSRX|Smic24221_mrna	82.522	1007	168	8	40	1042	1211	209	0	878	Unigene0136855
Unigene0192990	rna-gnl|WGS:LSRX|Smic3682_mrna	82.52	1516	260	5	1	1515	1687	176	0	1327	Unigene0192990
Unigene0083195	rna-gnl|WGS:LSRX|Smic11607_mrna	82.5	200	31	4	875	1072	329	526	4.07E-41	172	Unigene0083195
Unigene0143454	rna-gnl|WGS:LSRX|Smic12906_mrna	82.486	885	149	6	269	1150	363	1244	0	771	Unigene0143454
Unigene0016675	rna-gnl|WGS:LSRX|Smic5058_mrna	82.466	519	85	3	2934	3446	3789	4307	2.39E-124	449	Unigene0016675
Unigene0096769	rna-gnl|WGS:LSRX|Smic19040_mrna	82.435	501	86	2	2971	3470	125	624	2.50E-120	436	Unigene0096769
Unigene0073097	rna-gnl|WGS:LSRX|Smic27666_mrna	82.407	108	14	5	6111	6215	1207	1312	1.00E-15	89.8	Unigene0073097
Unigene0079368	rna-gnl|WGS:LSRX|Smic21779_mrna	82.4	500	86	2	351	849	54	552	1.44E-120	435	Unigene0079368
Unigene0086538	rna-gnl|WGS:LSRX|Smic21627_mrna	82.334	917	158	4	1849	2763	1046	132	0	793	Unigene0086538
Unigene0051667	rna-gnl|WGS:LSRX|Smic16386_mrna	82.308	130	23	0	2253	2382	971	842	3.63E-23	113	Unigene0051667
Unigene0071946	rna-gnl|WGS:LSRX|Smic40822_mrna	82.298	644	108	3	8917	9555	957	315	4.41E-155	553	Unigene0071946
Unigene0018952	rna-gnl|WGS:LSRX|Smic45138_mrna	82.292	96	17	0	265	360	257	352	2.52E-15	84.2	Unigene0018952
Unigene0056090	rna-gnl|WGS:LSRX|Smic13869_mrna	82.288	638	106	4	2092	2727	37	669	2.09E-153	545	Unigene0056090
Unigene0072444	rna-gnl|WGS:LSRX|Smic11876_mrna	82.277	2099	345	20	2722	4808	2133	50	0	1790	Unigene0072444
Unigene0083733	rna-gnl|WGS:LSRX|Smic35437_mrna	82.27	282	46	1	8291	8572	382	105	4.17E-61	241	Unigene0083733
Unigene0081186	rna-gnl|WGS:LSRX|Smic36391_mrna	82.266	203	36	0	2014	2216	476	274	5.41E-42	176	Unigene0081186
Unigene0046877	rna-gnl|WGS:LSRX|Smic12274_mrna	82.249	169	21	5	1	163	226	61	2.67E-31	137	Unigene0046877
Unigene0101610	rna-gnl|WGS:LSRX|Smic34147_mrna	82.226	557	89	9	85	636	754	203	2.13E-131	472	Unigene0101610
Unigene0061860	rna-gnl|WGS:LSRX|Smic14930_mrna	82.222	90	16	0	73	162	5819	5730	6.42E-14	78.7	Unigene0061860
Unigene0094665	rna-gnl|WGS:LSRX|Smic24984_mrna	82.222	270	43	4	151	416	328	60	3.17E-58	228	Unigene0094665
Unigene0083550	rna-gnl|WGS:LSRX|Smic39834_mrna	82.216	388	67	2	25	411	673	287	3.86E-90	333	Unigene0083550
Unigene0051752	rna-gnl|WGS:LSRX|Smic42978_mrna	82.198	1174	199	10	43	1211	89	1257	0	1002	Unigene0051752
Unigene0046171	rna-gnl|WGS:LSRX|Smic37300_mrna	82.195	483	69	8	7285	7763	1226	1695	4.96E-109	399	Unigene0046171
Unigene0087774	rna-gnl|WGS:LSRX|Smic37330_mrna	82.148	633	95	5	5014	5644	70	686	1.58E-147	527	Unigene0087774
Unigene0061953	rna-gnl|WGS:LSRX|Smic11950_mrna	82.143	140	23	2	3810	3948	1352	1214	2.05E-24	119	Unigene0061953
Unigene0082663	rna-gnl|WGS:LSRX|Smic983_mrna	82.105	95	17	0	2596	2690	2594	2688	7.24E-14	82.4	Unigene0082663
Unigene0105258	rna-gnl|WGS:LSRX|Smic5733_mrna	82.09	402	72	0	24	425	4705	5106	1.26E-93	344	Unigene0105258
Unigene0083779	rna-gnl|WGS:LSRX|Smic30441_mrna	82.085	1295	218	11	31	1318	1528	241	0	1094	Unigene0083779
Unigene0183528	rna-gnl|WGS:LSRX|Smic17754_mrna	82.082	932	163	4	83	1012	1047	118	0	793	Unigene0183528
Unigene0164218	rna-gnl|WGS:LSRX|Smic22112_mrna	82.077	2349	410	11	52	2396	2435	94	0	1995	Unigene0164218
Unigene0042537	rna-gnl|WGS:LSRX|Smic10481_mrna	82.075	106	17	2	345	449	735	631	5.30E-16	89.8	Unigene0042537
Unigene0188148	rna-gnl|WGS:LSRX|Smic23216_mrna	82.041	1019	179	4	2950	3966	1128	112	0	865	Unigene0188148
Unigene0055834	rna-gnl|WGS:LSRX|Smic11946_mrna	82.04	657	118	0	2112	2768	675	19	1.18E-157	560	Unigene0055834
Unigene0041611	rna-gnl|WGS:LSRX|Smic4334_mrna	82.029	907	158	3	30	935	272	1174	0	767	Unigene0041611
Unigene0043969	rna-gnl|WGS:LSRX|Smic30713_mrna	82.028	434	77	1	221	654	225	657	3.02E-100	368	Unigene0043969
Unigene0089928	rna-gnl|WGS:LSRX|Smic203_mrna	82.014	556	100	0	136	691	43	598	2.52E-132	473	Unigene0089928
Unigene0095505	rna-gnl|WGS:LSRX|Smic2142_mrna	82	150	27	0	434	583	410	559	1.88E-28	128	Unigene0095505
Unigene0073169	rna-gnl|WGS:LSRX|Smic24176_mrna	81.99	955	163	7	804	1752	2740	1789	0	802	Unigene0073169
Unigene0047811	rna-gnl|WGS:LSRX|Smic32758_mrna	81.957	460	83	0	318	777	553	94	2.89E-107	390	Unigene0047811
Unigene0180144	rna-gnl|WGS:LSRX|Smic34059_mrna	81.95	1169	197	11	638	1805	71	1226	0	977	Unigene0180144
Unigene0089309	rna-gnl|WGS:LSRX|Smic16337_mrna	81.928	83	15	0	898	980	102	184	1.52E-10	71.3	Unigene0089309
Unigene0124872	rna-gnl|WGS:LSRX|Smic33215_mrna	81.928	83	11	4	30	109	108	27	1.69E-09	67.6	Unigene0124872
Unigene0066414	rna-gnl|WGS:LSRX|Smic36772_mrna	81.928	166	24	1	1267	1426	813	978	7.78E-30	135	Unigene0066414
Unigene0044812	rna-gnl|WGS:LSRX|Smic20308_mrna	81.888	911	154	7	1253	2153	912	3	0	758	Unigene0044812
Unigene0083260	rna-gnl|WGS:LSRX|Smic14067_mrna	81.875	160	27	2	1752	1910	1473	1631	3.30E-29	134	Unigene0083260
Unigene0085350	rna-gnl|WGS:LSRX|Smic20128_mrna	81.875	160	28	1	1756	1914	715	556	1.58E-29	134	Unigene0085350
Unigene0097551	rna-gnl|WGS:LSRX|Smic15507_mrna	81.86	215	39	0	1564	1778	56	270	4.70E-44	182	Unigene0097551
Unigene0156942	rna-gnl|WGS:LSRX|Smic9666_mrna	81.818	352	59	5	143	492	94	442	5.37E-77	291	Unigene0156942
Unigene0063333	rna-gnl|WGS:LSRX|Smic3517_mrna	81.8	489	87	2	10	497	8	495	8.13E-112	409	Unigene0063333
Unigene0074349	rna-gnl|WGS:LSRX|Smic14884_mrna	81.791	1016	175	8	4264	5274	34	1044	0	843	Unigene0074349
Unigene0077472	rna-gnl|WGS:LSRX|Smic39688_mrna	81.781	247	45	0	4249	4495	369	123	2.00E-51	207	Unigene0077472
Unigene0077495	rna-gnl|WGS:LSRX|Smic25088_mrna	81.778	225	41	0	7633	7857	1254	1030	1.18E-45	189	Unigene0077495
Unigene0127647	rna-gnl|WGS:LSRX|Smic15441_mrna	81.777	1564	283	2	193	1755	113	1675	0	1308	Unigene0127647
Unigene0078250	rna-gnl|WGS:LSRX|Smic26315_mrna	81.777	439	66	7	4494	4922	508	74	8.01E-96	355	Unigene0078250
Unigene0073652	rna-gnl|WGS:LSRX|Smic39644_mrna	81.757	148	25	2	256	402	448	594	5.16E-26	122	Unigene0073652
Unigene0192415	rna-gnl|WGS:LSRX|Smic17643_mrna	81.752	411	75	0	769	1179	765	1175	8.95E-93	344	Unigene0192415
Unigene0073105	rna-gnl|WGS:LSRX|Smic19397_mrna	81.749	789	138	5	1252	2040	820	38	0	654	Unigene0073105
Unigene0066043	rna-gnl|WGS:LSRX|Smic26468_mrna	81.739	1380	236	15	3308	4679	54	1425	0	1138	Unigene0066043
Unigene0032781	rna-gnl|WGS:LSRX|Smic12622_mrna	81.712	1624	277	19	7741	9354	223	1836	0	1336	Unigene0032781
Unigene0093905	rna-gnl|WGS:LSRX|Smic27409_mrna	81.696	224	36	3	574	793	1566	1788	5.75E-44	182	Unigene0093905
Unigene0052952	rna-gnl|WGS:LSRX|Smic4035_mrna	81.69	71	11	2	32	101	2040	2109	2.38E-07	58.4	Unigene0052952
Unigene0155736	rna-gnl|WGS:LSRX|Smic20242_mrna	81.604	424	76	2	1	423	69	491	3.86E-95	350	Unigene0155736
Unigene0051885	rna-gnl|WGS:LSRX|Smic2120_mrna	81.579	456	80	4	1329	1782	70	523	1.51E-101	374	Unigene0051885
Unigene0052817	rna-gnl|WGS:LSRX|Smic15913_mrna	81.556	2223	395	14	2098	4313	98	2312	0	1820	Unigene0052817
Unigene0077487	rna-gnl|WGS:LSRX|Smic1697_mrna	81.538	195	34	2	552	745	318	125	2.70E-37	159	Unigene0077487
Unigene0121530	rna-gnl|WGS:LSRX|Smic1862_mrna	81.538	650	118	2	1	649	61	709	1.40E-149	534	Unigene0121530
Unigene0033320	rna-gnl|WGS:LSRX|Smic267_mrna	81.533	861	150	8	229	1083	259	1116	0	701	Unigene0033320
Unigene0093697	rna-gnl|WGS:LSRX|Smic27248_mrna	81.524	1207	219	4	1209	2413	70	1274	0	990	Unigene0093697
Unigene0141100	rna-gnl|WGS:LSRX|Smic35552_mrna	81.514	1493	251	17	1452	2922	1666	177	0	1205	Unigene0141100
Unigene0006701	rna-gnl|WGS:LSRX|Smic22537_mrna	81.497	481	87	2	6349	6828	486	7	3.75E-107	394	Unigene0006701
Unigene0052896	rna-gnl|WGS:LSRX|Smic11901_mrna	81.49	1275	232	4	253	1525	268	1540	0	1044	Unigene0052896
Unigene0064662	rna-gnl|WGS:LSRX|Smic9628_mrna	81.44	361	65	2	5254	5613	706	347	1.75E-77	294	Unigene0064662
Unigene0055500	rna-gnl|WGS:LSRX|Smic39005_mrna	81.439	528	94	4	31	556	2522	3047	4.35E-119	429	Unigene0055500
Unigene0148155	rna-gnl|WGS:LSRX|Smic16024_mrna	81.436	738	137	0	958	1695	1040	303	2.15E-171	604	Unigene0148155
Unigene0074138	rna-gnl|WGS:LSRX|Smic24372_mrna	81.416	565	103	2	1276	1839	1352	1915	5.96E-128	460	Unigene0074138
Unigene0083906	rna-gnl|WGS:LSRX|Smic2049_mrna	81.39	935	168	6	4853	5784	1252	321	0	758	Unigene0083906
Unigene0151547	rna-gnl|WGS:LSRX|Smic39795_mrna	81.38	768	120	10	769	1514	734	1500	8.76E-171	604	Unigene0151547
Unigene0062997	rna-gnl|WGS:LSRX|Smic5207_mrna	81.369	263	47	2	374	635	1169	908	2.79E-53	213	Unigene0062997
Unigene0063482	rna-gnl|WGS:LSRX|Smic37293_mrna	81.364	660	121	2	1684	2342	1466	808	1.36E-150	536	Unigene0063482
Unigene0053891	rna-gnl|WGS:LSRX|Smic46539_mrna	81.351	370	63	5	256	622	29	395	5.16E-79	296	Unigene0053891
Unigene0051477	rna-gnl|WGS:LSRX|Smic46590_mrna	81.333	225	42	0	34	258	591	815	1.64E-45	183	Unigene0051477
Unigene0088098	rna-gnl|WGS:LSRX|Smic35613_mrna	81.33	1098	191	13	54	1144	819	1909	0	880	Unigene0088098
Unigene0094388	rna-gnl|WGS:LSRX|Smic12262_mrna	81.325	498	91	2	467	963	40	536	2.19E-110	403	Unigene0094388
Unigene0016824	rna-gnl|WGS:LSRX|Smic20991_mrna	81.315	1643	297	5	3009	4649	27	1661	0	1325	Unigene0016824
Unigene0061747	rna-gnl|WGS:LSRX|Smic27443_mrna	81.283	1138	211	2	1	1137	1600	464	0	920	Unigene0061747
Unigene0052317	rna-gnl|WGS:LSRX|Smic4015_mrna	81.281	203	29	8	694	891	2681	2483	2.84E-36	156	Unigene0052317
Unigene0051990	rna-gnl|WGS:LSRX|Smic11181_mrna	81.275	502	90	4	70	569	205	704	1.45E-110	403	Unigene0051990
Unigene0054162	rna-gnl|WGS:LSRX|Smic17209_mrna	81.268	347	62	3	1306	1652	262	605	5.09E-73	278	Unigene0054162
Unigene0093968	rna-gnl|WGS:LSRX|Smic5652_mrna	81.25	128	20	4	1474	1599	943	818	1.17E-19	100	Unigene0093968
Unigene0063352	rna-gnl|WGS:LSRX|Smic9175_mrna	81.25	96	18	0	925	1020	592	687	5.62E-13	78.7	Unigene0063352
Unigene0078718	rna-gnl|WGS:LSRX|Smic33661_mrna	81.226	261	43	5	630	887	43	300	2.61E-51	206	Unigene0078718
Unigene0071882	rna-gnl|WGS:LSRX|Smic42994_mrna	81.221	213	32	7	422	630	378	586	2.25E-39	165	Unigene0071882
Unigene0007168	rna-gnl|WGS:LSRX|Smic16503_mrna	81.203	133	18	5	59	189	129	256	5.93E-20	100	Unigene0007168
Unigene0071997	rna-gnl|WGS:LSRX|Smic29955_mrna	81.187	1988	366	7	445	2428	34	2017	0	1592	Unigene0071997
Unigene0074176	rna-gnl|WGS:LSRX|Smic22292_mrna	81.184	946	170	8	5019	5960	982	41	0	754	Unigene0074176
Unigene0049664	rna-gnl|WGS:LSRX|Smic24981_mrna	81.159	207	39	0	3988	4194	207	1	5.65E-39	167	Unigene0049664
Unigene0177585	rna-gnl|WGS:LSRX|Smic10264_mrna	81.156	1332	235	12	37	1363	84	1404	0	1055	Unigene0177585
Unigene0067209	rna-gnl|WGS:LSRX|Smic3953_mrna	81.154	260	43	6	2056	2312	172	428	2.31E-50	204	Unigene0067209
Unigene0042800	rna-gnl|WGS:LSRX|Smic10570_mrna	81.123	1531	276	10	2551	4079	1580	61	0	1214	Unigene0042800
Unigene0115825	rna-gnl|WGS:LSRX|Smic43329_mrna	81.121	535	99	2	62	595	386	919	2.06E-118	427	Unigene0115825
Unigene0062104	rna-gnl|WGS:LSRX|Smic21334_mrna	81.119	572	108	0	387	958	117	688	2.36E-127	459	Unigene0062104
Unigene0087171	rna-gnl|WGS:LSRX|Smic17344_mrna	81.115	323	42	5	1	304	986	664	3.38E-62	241	Unigene0087171
Unigene0051540	rna-gnl|WGS:LSRX|Smic26314_mrna	81.111	90	17	0	1497	1586	1426	1337	3.24E-11	73.1	Unigene0051540
Unigene0099781	rna-gnl|WGS:LSRX|Smic39907_mrna	81.106	217	37	3	3487	3701	305	91	2.02E-40	171	Unigene0099781
Unigene0066193	rna-gnl|WGS:LSRX|Smic17781_mrna	81.102	1778	330	6	214	1988	1833	59	0	1417	Unigene0066193
Unigene0044642	rna-gnl|WGS:LSRX|Smic25972_mrna	81.102	508	84	11	420	921	161	662	7.40E-109	396	Unigene0044642
Unigene0097742	rna-gnl|WGS:LSRX|Smic15447_mrna	81.1	873	163	2	333	1204	60	931	0	697	Unigene0097742
Unigene0189071	rna-gnl|WGS:LSRX|Smic3113_mrna	81.081	185	35	0	1558	1742	389	573	9.61E-34	148	Unigene0189071
Unigene0090217	rna-gnl|WGS:LSRX|Smic34337_mrna	81.081	222	37	3	1	221	867	650	1.32E-41	172	Unigene0090217
Unigene0183530	rna-gnl|WGS:LSRX|Smic38886_mrna	81.076	1041	173	17	1423	2445	1177	143	0	809	Unigene0183530
Unigene0027887	rna-gnl|WGS:LSRX|Smic137_mrna	81.046	612	102	11	505	1109	789	185	1.20E-132	475	Unigene0027887
Unigene0155211	rna-gnl|WGS:LSRX|Smic21880_mrna	81.034	522	97	2	1392	1912	128	648	7.26E-114	414	Unigene0155211
Unigene0061285	rna-gnl|WGS:LSRX|Smic8501_mrna	81.004	1295	242	4	245	1537	1538	246	0	1026	Unigene0061285
Unigene0158094	rna-gnl|WGS:LSRX|Smic6911_mrna	80.991	1373	233	22	9294	10652	1478	120	0	1064	Unigene0158094
Unigene0009769	rna-gnl|WGS:LSRX|Smic1081_mrna	80.982	163	30	1	2440	2601	545	707	1.86E-27	128	Unigene0009769
Unigene0159600	rna-gnl|WGS:LSRX|Smic30894_mrna	80.972	247	41	4	166	408	243	487	1.62E-47	191	Unigene0159600
Unigene0064944	rna-gnl|WGS:LSRX|Smic25379_mrna	80.969	846	155	5	1477	2319	872	30	0	665	Unigene0064944
Unigene0052345	rna-gnl|WGS:LSRX|Smic22205_mrna	80.942	2335	430	13	105	2430	45	2373	0	1832	Unigene0052345
Unigene0043764	rna-gnl|WGS:LSRX|Smic30960_mrna	80.905	796	138	8	1	789	42	830	7.38E-175	616	Unigene0043764
Unigene0093684	rna-gnl|WGS:LSRX|Smic34488_mrna	80.903	775	135	11	601	1367	1880	2649	7.90E-170	599	Unigene0093684
Unigene0002348	rna-gnl|WGS:LSRX|Smic3967_mrna	80.897	1628	307	4	7408	9033	758	2383	0	1280	Unigene0002348
Unigene0161188	rna-gnl|WGS:LSRX|Smic2474_mrna	80.889	1193	216	12	1031	2217	1243	57	0	929	Unigene0161188
Unigene0095667	rna-gnl|WGS:LSRX|Smic19615_mrna	80.874	366	68	2	208	572	10	374	2.25E-75	287	Unigene0095667
Unigene0072667	rna-gnl|WGS:LSRX|Smic41540_mrna	80.872	1605	294	9	144	1743	1597	1	0	1251	Unigene0072667
Unigene0115516	rna-gnl|WGS:LSRX|Smic16429_mrna	80.861	209	37	3	623	831	793	998	5.05E-38	161	Unigene0115516
Unigene0086770	rna-gnl|WGS:LSRX|Smic32633_mrna	80.859	512	92	5	1966	2474	432	940	8.40E-109	398	Unigene0086770
Unigene0052325	rna-gnl|WGS:LSRX|Smic9084_mrna	80.851	94	14	4	1073	1164	946	1037	7.95E-11	71.3	Unigene0052325
Unigene0055038	rna-gnl|WGS:LSRX|Smic4710_mrna	80.85	1577	288	10	2200	3769	1807	238	0	1227	Unigene0055038
Unigene0072145	rna-gnl|WGS:LSRX|Smic13878_mrna	80.832	2572	479	14	99	2663	59	2623	0	2006	Unigene0072145
Unigene0159902	rna-gnl|WGS:LSRX|Smic2245_mrna	80.831	746	136	6	82	823	108	850	6.11E-164	579	Unigene0159902
Unigene0083777	rna-gnl|WGS:LSRX|Smic7112_mrna	80.822	146	28	0	301	446	265	410	4.92E-24	115	Unigene0083777
Unigene0167044	rna-gnl|WGS:LSRX|Smic10684_mrna	80.821	1121	201	13	70	1183	2078	965	0	867	Unigene0167044
Unigene0000309	rna-gnl|WGS:LSRX|Smic10652_mrna	80.8	125	24	0	291	415	2397	2521	3.46E-19	99	Unigene0000309
Unigene0089780	rna-gnl|WGS:LSRX|Smic15985_mrna	80.769	130	19	5	1046	1172	1080	1206	1.55E-18	97.1	Unigene0089780
Unigene0133770	rna-gnl|WGS:LSRX|Smic11282_mrna	80.755	265	33	8	475	739	3182	2936	5.13E-46	191	Unigene0133770
Unigene0059445	rna-gnl|WGS:LSRX|Smic26914_mrna	80.745	161	31	0	640	800	1	161	2.88E-27	126	Unigene0059445
Unigene0084073	rna-gnl|WGS:LSRX|Smic13362_mrna	80.723	83	12	4	2305	2385	561	481	9.41E-08	62.1	Unigene0084073
Unigene0088710	rna-gnl|WGS:LSRX|Smic32529_mrna	80.714	140	27	0	211	350	255	394	3.95E-22	110	Unigene0088710
Unigene0045197	rna-gnl|WGS:LSRX|Smic6098_mrna	80.702	456	82	6	1840	2292	489	37	1.48E-94	350	Unigene0045197
Unigene0063167	rna-gnl|WGS:LSRX|Smic45918_mrna	80.693	202	35	4	51	250	488	289	1.40E-35	154	Unigene0063167
Unigene0083215	rna-gnl|WGS:LSRX|Smic39505_mrna	80.684	673	122	8	33	701	29	697	1.07E-144	516	Unigene0083215
Unigene0056462	rna-gnl|WGS:LSRX|Smic45396_mrna	80.672	119	19	4	157	273	8797	8681	4.80E-17	89.8	Unigene0056462
Unigene0056542	rna-gnl|WGS:LSRX|Smic29639_mrna	80.665	962	184	2	695	1655	571	1531	0	745	Unigene0056542
Unigene0063305	rna-gnl|WGS:LSRX|Smic28804_mrna	80.658	1551	284	12	1824	3366	1631	89	0	1188	Unigene0063305
Unigene0112551	rna-gnl|WGS:LSRX|Smic36817_mrna	80.645	93	16	2	70	161	122	213	1.38E-10	71.3	Unigene0112551
Unigene0066626	rna-gnl|WGS:LSRX|Smic3778_mrna	80.645	93	16	2	1573	1664	1274	1365	2.43E-10	71.3	Unigene0066626
Unigene0061318	rna-gnl|WGS:LSRX|Smic16971_mrna	80.64	1250	231	8	89	1331	996	2241	0	957	Unigene0061318
Unigene0058403	rna-gnl|WGS:LSRX|Smic41075_mrna	80.617	227	40	4	75	299	207	431	5.54E-42	172	Unigene0058403
Unigene0099705	rna-gnl|WGS:LSRX|Smic6012_mrna	80.615	325	61	2	76	399	399	722	1.22E-64	250	Unigene0099705
Unigene0091494	rna-gnl|WGS:LSRX|Smic549_mrna	80.588	170	33	0	1927	2096	314	145	1.38E-28	132	Unigene0091494
Unigene0052007	rna-gnl|WGS:LSRX|Smic2571_mrna	80.556	108	19	2	335	441	1194	1088	3.89E-14	82.4	Unigene0052007
Unigene0094988	rna-gnl|WGS:LSRX|Smic32412_mrna	80.542	406	77	2	205	609	96	500	7.37E-83	311	Unigene0094988
Unigene0055083	rna-gnl|WGS:LSRX|Smic41100_mrna	80.54	889	167	6	697	1582	515	1400	0	678	Unigene0055083
Unigene0010083	rna-gnl|WGS:LSRX|Smic40757_mrna	80.537	447	87	0	2203	2649	890	444	1.62E-92	344	Unigene0010083
Unigene0096268	rna-gnl|WGS:LSRX|Smic22556_mrna	80.535	411	68	11	115	519	39	443	8.38E-82	305	Unigene0096268
Unigene0064610	rna-gnl|WGS:LSRX|Smic15445_mrna	80.525	1104	208	7	265	1365	1139	40	0	841	Unigene0064610
Unigene0097609	rna-gnl|WGS:LSRX|Smic33280_mrna	80.525	457	82	5	1138	1592	237	688	5.15E-93	344	Unigene0097609
Unigene0040112	rna-gnl|WGS:LSRX|Smic7025_mrna	80.503	13387	2505	86	659	13982	467	13811	0	10165	Unigene0040112
Unigene0053721	rna-gnl|WGS:LSRX|Smic19835_mrna	80.502	677	124	5	8198	8867	56	731	8.49E-143	512	Unigene0053721
Unigene0106438	rna-gnl|WGS:LSRX|Smic20468_mrna	80.488	533	92	10	171	698	8	533	4.99E-109	398	Unigene0106438
Unigene0105186	rna-gnl|WGS:LSRX|Smic9122_mrna	80.486	1112	215	2	2469	3579	41	1151	0	850	Unigene0105186
Unigene0065746	rna-gnl|WGS:LSRX|Smic30045_mrna	80.47	1490	265	21	1427	2909	1509	39	0	1116	Unigene0065746
Unigene0072427	rna-gnl|WGS:LSRX|Smic32087_mrna	80.447	179	35	0	514	692	1564	1386	1.12E-30	137	Unigene0072427
Unigene0084880	rna-gnl|WGS:LSRX|Smic9063_mrna	80.426	516	101	0	291	806	1146	631	6.78E-108	394	Unigene0084880
Unigene0076414	rna-gnl|WGS:LSRX|Smic20954_mrna	80.416	577	108	4	2593	3165	662	87	6.65E-120	435	Unigene0076414
Unigene0117149	rna-gnl|WGS:LSRX|Smic12212_mrna	80.403	546	103	4	1609	2152	815	1358	1.75E-113	412	Unigene0117149
Unigene0088957	rna-gnl|WGS:LSRX|Smic42171_mrna	80.403	347	66	2	321	666	577	232	6.73E-69	263	Unigene0088957
Unigene0053552	rna-gnl|WGS:LSRX|Smic7476_mrna	80.391	1637	308	12	148	1779	94	1722	0	1232	Unigene0053552
Unigene0094613	rna-gnl|WGS:LSRX|Smic31209_mrna	80.39	1795	334	15	6	1791	65	1850	0	1349	Unigene0094613
Unigene0066598	rna-gnl|WGS:LSRX|Smic1999_mrna	80.387	826	151	8	145	966	36	854	1.40E-174	617	Unigene0066598
Unigene0117742	rna-gnl|WGS:LSRX|Smic4555_mrna	80.342	351	67	2	10	359	1128	779	2.31E-69	265	Unigene0117742
Unigene0085194	rna-gnl|WGS:LSRX|Smic19082_mrna	80.339	768	141	8	2250	3012	884	122	2.41E-161	573	Unigene0085194
Unigene0007456	rna-gnl|WGS:LSRX|Smic22874_mrna	80.335	239	41	5	2179	2411	767	529	3.02E-42	176	Unigene0007456
Unigene0017156	rna-gnl|WGS:LSRX|Smic11494_mrna	80.328	183	36	0	1141	1323	507	325	2.48E-31	139	Unigene0017156
Unigene0056638	rna-gnl|WGS:LSRX|Smic21403_mrna	80.303	132	26	0	48	179	650	781	1.85E-19	100	Unigene0056638
Unigene0084613	rna-gnl|WGS:LSRX|Smic3375_mrna	80.303	198	37	2	901	1097	552	356	5.06E-34	148	Unigene0084613
Unigene0193049	rna-gnl|WGS:LSRX|Smic40746_mrna	80.3	533	95	5	369	897	744	218	1.61E-107	394	Unigene0193049
Unigene0116206	rna-gnl|WGS:LSRX|Smic20142_mrna	80.277	1734	329	11	7006	8734	751	2476	0	1295	Unigene0116206
Unigene0072829	rna-gnl|WGS:LSRX|Smic144_mrna	80.274	583	113	2	1498	2079	1288	1869	2.89E-121	438	Unigene0072829
Unigene0151718	rna-gnl|WGS:LSRX|Smic19400_mrna	80.271	517	78	13	644	1157	20	515	2.05E-100	368	Unigene0151718
Unigene0040999	rna-gnl|WGS:LSRX|Smic1115_mrna	80.263	76	13	2	3034	3108	706	780	5.27E-06	56.5	Unigene0040999
Unigene0043823	rna-gnl|WGS:LSRX|Smic25340_mrna	80.233	86	17	0	1725	1810	912	827	9.89E-09	65.8	Unigene0043823
Unigene0084869	rna-gnl|WGS:LSRX|Smic24548_mrna	80.232	1209	229	10	1493	2696	238	1441	0	900	Unigene0084869
Unigene0094424	rna-gnl|WGS:LSRX|Smic29047_mrna	80.224	536	95	9	88	620	618	91	8.65E-108	392	Unigene0094424
Unigene0064948	rna-gnl|WGS:LSRX|Smic23090_mrna	80.217	369	61	12	3230	3592	1031	1393	5.25E-69	267	Unigene0064948
Unigene0040649	rna-gnl|WGS:LSRX|Smic38304_mrna	80.173	1967	374	15	3090	5048	2891	933	0	1458	Unigene0040649
Unigene0043616	rna-gnl|WGS:LSRX|Smic20257_mrna	80.15	267	51	2	8662	8927	1246	981	2.40E-48	198	Unigene0043616
Unigene0043746	rna-gnl|WGS:LSRX|Smic8581_mrna	80.15	267	48	4	1495	1757	1851	2116	6.31E-48	195	Unigene0043746
Unigene0087523	rna-gnl|WGS:LSRX|Smic9711_mrna	80.147	680	129	6	1	677	14	690	1.98E-140	503	Unigene0087523
Unigene0083620	rna-gnl|WGS:LSRX|Smic17835_mrna	80.144	554	104	4	5325	5875	1591	1041	6.28E-112	409	Unigene0083620
Unigene0020741	rna-gnl|WGS:LSRX|Smic39952_mrna	80.144	277	55	0	2168	2444	103	379	1.04E-51	207	Unigene0020741
Unigene0063770	rna-gnl|WGS:LSRX|Smic32553_mrna	80.142	423	77	5	56	476	1685	2102	5.05E-83	309	Unigene0063770
Unigene0083580	rna-gnl|WGS:LSRX|Smic3201_mrna	80.12	2676	504	23	1	2659	30	2694	0	1969	Unigene0083580
Unigene0132914	rna-gnl|WGS:LSRX|Smic40803_mrna	80.114	176	20	9	694	869	1187	1347	6.24E-25	117	Unigene0132914
Unigene0067025	rna-gnl|WGS:LSRX|Smic20235_mrna	80.108	1111	221	0	46	1156	1161	51	0	828	Unigene0067025
Unigene0066463	rna-gnl|WGS:LSRX|Smic6828_mrna	80.108	1674	303	28	213	1871	334	1992	0	1219	Unigene0066463
Unigene0175794	rna-gnl|WGS:LSRX|Smic43805_mrna	80.101	794	131	9	103	881	1183	402	9.22E-160	566	Unigene0175794
Unigene0173461	rna-gnl|WGS:LSRX|Smic18792_mrna	80.085	1170	221	8	4813	5973	331	1497	0	859	Unigene0173461
Unigene0075618	rna-gnl|WGS:LSRX|Smic1128_mrna	80.074	271	51	3	776	1045	514	246	3.05E-49	198	Unigene0075618
Unigene0095961	rna-gnl|WGS:LSRX|Smic39193_mrna	80.061	657	123	8	1	653	676	24	1.40E-134	481	Unigene0095961
Unigene0053322	rna-gnl|WGS:LSRX|Smic22201_mrna	80.053	2642	501	26	449	3076	2696	67	0	1936	Unigene0053322
Unigene0108090	rna-gnl|WGS:LSRX|Smic38010_mrna	80.052	386	71	5	1876	2258	1222	840	5.68E-74	281	Unigene0108090
Unigene0016332	rna-gnl|WGS:LSRX|Smic27214_mrna	80.034	1763	346	6	4354	6113	38	1797	0	1301	Unigene0016332
Unigene0093314	rna-gnl|WGS:LSRX|Smic1240_mrna	80.023	881	166	10	712	1587	747	1622	0	643	Unigene0093314
Unigene0073476	rna-gnl|WGS:LSRX|Smic39788_mrna	80	170	34	0	317	486	3460	3291	6.90E-28	126	Unigene0073476
Unigene0093821	rna-gnl|WGS:LSRX|Smic6750_mrna	80	125	25	0	142	266	1142	1018	3.90E-17	93.5	Unigene0093821
Unigene0052481	rna-gnl|WGS:LSRX|Smic8527_mrna	80	140	26	2	3290	3428	1496	1358	9.36E-20	102	Unigene0052481
